Workbook

Sheet Capa
B2: PROTOCOLO CAUTELAR
B3: O sistema do vistoriador cautelar
B5: Registro de Apontamentos
B10: [ SUA LOGO / SEU NOME AQUI ]
B14: COMO USAR
B15: 1. Preencha o cabeçalho da aba Vistoria (veículo, cliente, vistoriador) e indique se os anexos MOTO/UTL se aplicam.
B16: 2. Para cada item, escolha o Nível na lista (N0 a N4, N/A = não se aplica; NV = não verificável, só em Identificação veicular).
B17: 3. Anote a constatação e o número da foto. Itens com código em vermelho são críticos; 'Foto obrigatória? SIM' exige registro fotográfico.
B18: 4. A aba Resumo conta os níveis por sistema e mostra a classificação final pela Matriz do Protocolo. Itens em branco geram 'INCOMPLETO'.
B19: 5. A aba Critério explica cada nível e a matriz. A classificação vale para o exame visual e não destrutivo no momento da vistoria.
B21: LEGENDA DE CORES
B22: 1234,00 | C22: Texto AZUL (fundo azul-claro) = ENTRADA: você digita ou escolhe na lista.
B23: =2*617 | C23: Texto PRETO = FÓRMULA: calculado automaticamente. Não digite por cima.
B24: Cabeçalho | C24: Faixa escura = títulos de colunas (não editar).
B26: Matriz: NV em Identificação veicular → INCONCLUSIVO; qualquer N4 → REPROVADO; qualquer N2/N3 → APROVADO COM APONTAMENTOS; só N0/N1 → APROVADO.
B27: "Aprovado" classifica o resultado do exame técnico visual naquele momento; não aprova a compra, não garante o veículo e não substitui a vistoria oficial.
B29: Os valores de exemplo são fictícios. Placas de exemplo: ABC1D23 / XXX0X00. Material de apoio: não substitui norma, perícia oficial nem vistoria de transferência.

Sheet Vistoria
A1: PROTOCOLO CAUTELAR | REGISTRO DE APONTAMENTOS
A2: Preencha as células azuis. Nível: escolha na lista. NV só é aceito nos itens IDV. | D2: [ SUA LOGO / SEU NOME AQUI ]
A5: Laudo nº | B5: 2026-0001 | D5: Data / hora | G5: MOTO aplicável? | H5: NÃO
A6: Cliente | B6: Cliente Exemplo | D6: Telefone / e-mail | E6: (00) 00000-0000 | G6: UTL aplicável? | H6: NÃO
A7: Vistoriador | B7: Seu nome | D7: Registro / contato | G7: Classificação atual
A8: Local | B8: Endereço da vistoria | D8: Solicitante | E8: Comprador | G8: =Resumo!$B$6
A9: Marca/modelo | B9: Marca Modelo 1.0 | D9: Ano fab./mod. | E9: 2020/2021
A10: Placa | B10: ABC1D23 | D10: Cor / combustível | E10: Prata / Flex
A11: Chassi (VIN) | B11: XXXXXXXXXXXXXXXXX | D11: Km hodômetro | E11: 45000 | G11: N0 Conforme | H11: N1 Observação
A12: Nº motor | D12: RENAVAM | G12: N2 Apontam. | H12: N3 Relevante
A13: N/A = não se aplica (conta como preenchido). NV = não verificável — somente em Identificação veicular; leva a INCONCLUSIVO. Código em vermelho = item crítico. | G13: N4 Crítico | H13: NV Não verif.
A14: Sistema | B14: Item | C14: Descrição do item | D14: O que verificar | E14: Nível | F14: Observação / constatação | G14: Foto nº | H14: Foto obrigatória?
A15: DOC | B15: DOC-01 | C15: CRLV-e apresentado e legível | D15: Documento digital ou impresso, dados completos, exercício de licenciamento. | H15: SIM
A16: DOC | B16: DOC-02 | C16: Placa, chassi e RENAVAM do documento anotados | D16: Transcrever os três para conferência cruzada no sistema IDV. | H16: —
A17: DOC | B17: DOC-03 | C17: Marca/modelo, ano, cor e combustível conferem com o veículo | D17: Cor e combustível divergentes do documento exigem registro. | H17: —
A18: DOC | B18: DOC-04 | C18: Consulta de restrições (judicial, administrativa, roubo/furto) | D18: Fonte oficial ou provedor contratado; anexar comprovante com data e hora. | H18: —
A19: DOC | B19: DOC-05 | C19: Gravame / alienação fiduciária | D19: Registro ativo ou baixado; anotar a instituição. | H19: —
A20: DOC | B20: DOC-06 | C20: Histórico de leilão e sinistro | D20: Passagem por leilão, indenização integral, classificação de dano quando disponível. | H20: —
A21: DOC | B21: DOC-07 | C21: Débitos (IPVA, licenciamento, multas) | D21: Informar ao cliente; não é impeditivo técnico, mas é risco do negócio. | H21: —
A22: DOC | B22: DOC-08 | C22: Recall pendente | D22: Consulta pelo chassi no canal oficial do fabricante/governo. | H22: —
A23: DOC | B23: DOC-09 | C23: Manual, chave reserva e registros de manutenção | D23: Coerência de datas e quilometragem nas revisões. | H23: SIM
A24: DOC | B24: DOC-10 | C24: Quilometragem declarada x registros | D24: Comparar painel, revisões, etiquetas de troca de óleo e consultas. | H24: SIM
A25: IDV | B25: IDV-01 | C25: VIN gravado no chassi/monobloco localizado e legível | D25: Local previsto pelo fabricante; 17 caracteres; confere com o documento. | H25: SIM
A26: IDV | B26: IDV-02 | C26: Região da gravação sem sinais de intervenção | D26: Superfície, pintura e acabamento da área coerentes com o entorno. | H26: SIM
... A109: INT | B109: INT-08 | C109: Painel de instrumentos e acabamentos | D109: Presilhas quebradas, desmontagem recente. | H109: —

Sheet Resumo
A1: PROTOCOLO CAUTELAR | RESUMO E CLASSIFICAÇÃO
A4: Placa / Laudo nº | B4: =Vistoria!$B$10&" · Laudo "&Vistoria!$B$5
A6: CLASSIFICAÇÃO FINAL | B6: =IF($B$25>0,"INCOMPLETO – faltam "&$B$25&IF($B$25=1," item"," itens"),IF($B$26>0,"INCONCLUSIVO",IF($B$27>0,"REPROVADO",IF($B$29+$B$28>0,"APROVADO COM APONTAMENTOS","APROVADO"))))
A7: =IF(AND(LEFT($B$6,10)<>"INCOMPLETO",$B$28>0),"ATENÇÃO: "&$B$28&" achado(s) N3 — destacar no laudo.","")
A9: Sistema | B9: N0 | C9: N1 | D9: N2 | E9: N3 | F9: N4 | G9: N/A | H9: NV | I9: Em branco | J9: Total | K9: Situação
A10: 01 DOC — Documentação e histórico | B10: =COUNTIFS(Vistoria!$A$15:$A$109,"DOC",Vistoria!$E$15:$E$109,"N0") | C10: =COUNTIFS(Vistoria!$A$15:$A$109,"DOC",Vistoria!$E$15:$E$109,"N1") | D10: =COUNTIFS(Vistoria!$A$15:$A$109,"DOC",Vistoria!$E$15:$E$109,"N2") | E10: =COUNTIFS(Vistoria!$A$15:$A$109,"DOC",Vistoria!$E$15:$E$109,"N3") | F10: =COUNTIFS(Vistoria!$A$15:$A$109,"DOC",Vistoria!$E$15:$E$109,"N4") | G10: =COUNTIFS(Vistoria!$A$15:$A$109,"DOC",Vistoria!$E$15:$E$109,"N/A") | H10: =COUNTIFS(Vistoria!$A$15:$A$109,"DOC",Vistoria!$E$15:$E$109,"NV") | I10: =COUNTIFS(Vistoria!$A$15:$A$109,"DOC",Vistoria!$E$15:$E$109,"") | J10: =COUNTIF(Vistoria!$A$15:$A$109,"DOC") | K10: =IF(I10>0,"Incompleto",IF(F10+H10>0,"CRÍTICO / NV",IF(E10>0,"Atenção (N3)",IF(D10>0,"Apontamento","OK"))))
A11: 02 IDV — Identificação veicular | B11: =COUNTIFS(Vistoria!$A$15:$A$109,"IDV",Vistoria!$E$15:$E$109,"N0") | C11: =COUNTIFS(Vistoria!$A$15:$A$109,"IDV",Vistoria!$E$15:$E$109,"N1") | D11: =COUNTIFS(Vistoria!$A$15:$A$109,"IDV",Vistoria!$E$15:$E$109,"N2") | E11: =COUNTIFS(Vistoria!$A$15:$A$109,"IDV",Vistoria!$E$15:$E$109,"N3") | F11: =COUNTIFS(Vistoria!$A$15:$A$109,"IDV",Vistoria!$E$15:$E$109,"N4") | G11: =COUNTIFS(Vistoria!$A$15:$A$109,"IDV",Vistoria!$E$15:$E$109,"N/A") | H11: =COUNTIFS(Vistoria!$A$15:$A$109,"IDV",Vistoria!$E$15:$E$109,"NV") | I11: =COUNTIFS(Vistoria!$A$15:$A$109,"IDV",Vistoria!$E$15:$E$109,"") | J11: =COUNTIF(Vistoria!$A$15:$A$109,"IDV") | K11: =IF(I11>0,"Incompleto",IF(F11+H11>0,"CRÍTICO / NV",IF(E11>0,"Atenção (N3)",IF(D11>0,"Apontamento","OK"))))
A12: 03 EST — Estrutura | B12: =COUNTIFS(Vistoria!$A$15:$A$109,"EST",Vistoria!$E$15:$E$109,"N0") | C12: =COUNTIFS(Vistoria!$A$15:$A$109,"EST",Vistoria!$E$15:$E$109,"N1") | D12: =COUNTIFS(Vistoria!$A$15:$A$109,"EST",Vistoria!$E$15:$E$109,"N2") | E12: =COUNTIFS(Vistoria!$A$15:$A$109,"EST",Vistoria!$E$15:$E$109,"N3") | F12: =COUNTIFS(Vistoria!$A$15:$A$109,"EST",Vistoria!$E$15:$E$109,"N4") | G12: =COUNTIFS(Vistoria!$A$15:$A$109,"EST",Vistoria!$E$15:$E$109,"N/A") | H12: =COUNTIFS(Vistoria!$A$15:$A$109,"EST",Vistoria!$E$15:$E$109,"NV") | I12: =COUNTIFS(Vistoria!$A$15:$A$109,"EST",Vistoria!$E$15:$E$109,"") | J12: =COUNTIF(Vistoria!$A$15:$A$109,"EST") | K12: =IF(I12>0,"Incompleto",IF(F12+H12>0,"CRÍTICO / NV",IF(E12>0,"Atenção (N3)",IF(D12>0,"Apontamento","OK"))))
A13: 04 CAR — Carroceria e pintura | B13: =COUNTIFS(Vistoria!$A$15:$A$109,"CAR",Vistoria!$E$15:$E$109,"N0") | C13: =COUNTIFS(Vistoria!$A$15:$A$109,"CAR",Vistoria!$E$15:$E$109,"N1") | D13: =COUNTIFS(Vistoria!$A$15:$A$109,"CAR",Vistoria!$E$15:$E$109,"N2") | E13: =COUNTIFS(Vistoria!$A$15:$A$109,"CAR",Vistoria!$E$15:$E$109,"N3") | F13: =COUNTIFS(Vistoria!$A$15:$A$109,"CAR",Vistoria!$E$15:$E$109,"N4") | G13: =COUNTIFS(Vistoria!$A$15:$A$109,"CAR",Vistoria!$E$15:$E$109,"N/A") | H13: =COUNTIFS(Vistoria!$A$15:$A$109,"CAR",Vistoria!$E$15:$E$109,"NV") | I13: =COUNTIFS(Vistoria!$A$15:$A$109,"CAR",Vistoria!$E$15:$E$109,"") | J13: =COUNTIF(Vistoria!$A$15:$A$109,"CAR") | K13: =IF(I13>0,"Incompleto",IF(F13+H13>0,"CRÍTICO / NV",IF(E13>0,"Atenção (N3)",IF(D13>0,"Apontamento","OK"))))
A14: 05 VID — Vidros, iluminação e sinalização | B14: =COUNTIFS(Vistoria!$A$15:$A$109,"VID",Vistoria!$E$15:$E$109,"N0") | C14: =COUNTIFS(Vistoria!$A$15:$A$109,"VID",Vistoria!$E$15:$E$109,"N1") | D14: =COUNTIFS(Vistoria!$A$15:$A$109,"VID",Vistoria!$E$15:$E$109,"N2") | E14: =COUNTIFS(Vistoria!$A$15:$A$109,"VID",Vistoria!$E$15:$E$109,"N3") | F14: =COUNTIFS(Vistoria!$A$15:$A$109,"VID",Vistoria!$E$15:$E$109,"N4") | G14: =COUNTIFS(Vistoria!$A$15:$A$109,"VID",Vistoria!$E$15:$E$109,"N/A") | H14: =COUNTIFS(Vistoria!$A$15:$A$109,"VID",Vistoria!$E$15:$E$109,"NV") | I14: =COUNTIFS(Vistoria!$A$15:$A$109,"VID",Vistoria!$E$15:$E$109,"") | J14: =COUNTIF(Vistoria!$A$15:$A$109,"VID") | K14: =IF(I14>0,"Incompleto",IF(F14+H14>0,"CRÍTICO / NV",IF(E14>0,"Atenção (N3)",IF(D14>0,"Apontamento","OK"))))
A15: 06 RSP — Rodas, pneus, suspensão e direção | B15: =COUNTIFS(Vistoria!$A$15:$A$109,"RSP",Vistoria!$E$15:$E$109,"N0") | C15: =COUNTIFS(Vistoria!$A$15:$A$109,"RSP",Vistoria!$E$15:$E$109,"N1") | D15: =COUNTIFS(Vistoria!$A$15:$A$109,"RSP",Vistoria!$E$15:$E$109,"N2") | E15: =COUNTIFS(Vistoria!$A$15:$A$109,"RSP",Vistoria!$E$15:$E$109,"N3") | F15: =COUNTIFS(Vistoria!$A$15:$A$109,"RSP",Vistoria!$E$15:$E$109,"N4") | G15: =COUNTIFS(Vistoria!$A$15:$A$109,"RSP",Vistoria!$E$15:$E$109,"N/A") | H15: =COUNTIFS(Vistoria!$A$15:$A$109,"RSP",Vistoria!$E$15:$E$109,"NV") | I15: =COUNTIFS(Vistoria!$A$15:$A$109,"RSP",Vistoria!$E$15:$E$109,"") | J15: =COUNTIF(Vistoria!$A$15:$A$109,"RSP") | K15: =IF(I15>0,"Incompleto",IF(F15+H15>0,"CRÍTICO / NV",IF(E15>0,"Atenção (N3)",IF(D15>0,"Apontamento","OK"))))
A16: 07 MOT — Motor, arrefecimento e alimentação | B16: =COUNTIFS(Vistoria!$A$15:$A$109,"MOT",Vistoria!$E$15:$E$109,"N0") | C16: =COUNTIFS(Vistoria!$A$15:$A$109,"MOT",Vistoria!$E$15:$E$109,"N1") | D16: =COUNTIFS(Vistoria!$A$15:$A$109,"MOT",Vistoria!$E$15:$E$109,"N2") | E16: =COUNTIFS(Vistoria!$A$15:$A$109,"MOT",Vistoria!$E$15:$E$109,"N3") | F16: =COUNTIFS(Vistoria!$A$15:$A$109,"MOT",Vistoria!$E$15:$E$109,"N4") | G16: =COUNTIFS(Vistoria!$A$15:$A$109,"MOT",Vistoria!$E$15:$E$109,"N/A") | H16: =COUNTIFS(Vistoria!$A$15:$A$109,"MOT",Vistoria!$E$15:$E$109,"NV") | I16: =COUNTIFS(Vistoria!$A$15:$A$109,"MOT",Vistoria!$E$15:$E$109,"") | J16: =COUNTIF(Vistoria!$A$15:$A$109,"MOT") | K16: =IF(I16>0,"Incompleto",IF(F16+H16>0,"CRÍTICO / NV",IF(E16>0,"Atenção (N3)",IF(D16>0,"Apontamento","OK"))))
A17: 08 TRF — Transmissão e freios | B17: =COUNTIFS(Vistoria!$A$15:$A$109,"TRF",Vistoria!$E$15:$E$109,"N0") | C17: =COUNTIFS(Vistoria!$A$15:$A$109,"TRF",Vistoria!$E$15:$E$109,"N1") | D17: =COUNTIFS(Vistoria!$A$15:$A$109,"TRF",Vistoria!$E$15:$E$109,"N2") | E17: =COUNTIFS(Vistoria!$A$15:$A$109,"TRF",Vistoria!$E$15:$E$109,"N3") | F17: =COUNTIFS(Vistoria!$A$15:$A$109,"TRF",Vistoria!$E$15:$E$109,"N4") | G17: =COUNTIFS(Vistoria!$A$15:$A$109,"TRF",Vistoria!$E$15:$E$109,"N/A") | H17: =COUNTIFS(Vistoria!$A$15:$A$109,"TRF",Vistoria!$E$15:$E$109,"NV") | I17: =COUNTIFS(Vistoria!$A$15:$A$109,"TRF",Vistoria!$E$15:$E$109,"") | J17: =COUNTIF(Vistoria!$A$15:$A$109,"TRF") | K17: =IF(I17>0,"Incompleto",IF(F17+H17>0,"CRÍTICO / NV",IF(E17>0,"Atenção (N3)",IF(D17>0,"Apontamento","OK"))))
A18: 09 ELE — Elétrica, eletrônica e diagnóstico | B18: =COUNTIFS(Vistoria!$A$15:$A$109,"ELE",Vistoria!$E$15:$E$109,"N0") | C18: =COUNTIFS(Vistoria!$A$15:$A$109,"ELE",Vistoria!$E$15:$E$109,"N1") | D18: =COUNTIFS(Vistoria!$A$15:$A$109,"ELE",Vistoria!$E$15:$E$109,"N2") | E18: =COUNTIFS(Vistoria!$A$15:$A$109,"ELE",Vistoria!$E$15:$E$109,"N3") | F18: =COUNTIFS(Vistoria!$A$15:$A$109,"ELE",Vistoria!$E$15:$E$109,"N4") | G18: =COUNTIFS(Vistoria!$A$15:$A$109,"ELE",Vistoria!$E$15:$E$109,"N/A") | H18: =COUNTIFS(Vistoria!$A$15:$A$109,"ELE",Vistoria!$E$15:$E$109,"NV") | I18: =COUNTIFS(Vistoria!$A$15:$A$109,"ELE",Vistoria!$E$15:$E$109,"") | J18: =COUNTIF(Vistoria!$A$15:$A$109,"ELE") | K18: =IF(I18>0,"Incompleto",IF(F18+H18>0,"CRÍTICO / NV",IF(E18>0,"Atenção (N3)",IF(D18>0,"Apontamento","OK"))))
A19: 10 INT — Interior, segurança passiva e sinais de enchente | B19: =COUNTIFS(Vistoria!$A$15:$A$109,"INT",Vistoria!$E$15:$E$109,"N0") | C19: =COUNTIFS(Vistoria!$A$15:$A$109,"INT",Vistoria!$E$15:$E$109,"N1") | D19: =COUNTIFS(Vistoria!$A$15:$A$109,"INT",Vistoria!$E$15:$E$109,"N2") | E19: =COUNTIFS(Vistoria!$A$15:$A$109,"INT",Vistoria!$E$15:$E$109,"N3") | F19: =COUNTIFS(Vistoria!$A$15:$A$109,"INT",Vistoria!$E$15:$E$109,"N4") | G19: =COUNTIFS(Vistoria!$A$15:$A$109,"INT",Vistoria!$E$15:$E$109,"N/A") | H19: =COUNTIFS(Vistoria!$A$15:$A$109,"INT",Vistoria!$E$15:$E$109,"NV") | I19: =COUNTIFS(Vistoria!$A$15:$A$109,"INT",Vistoria!$E$15:$E$109,"") | J19: =COUNTIF(Vistoria!$A$15:$A$109,"INT") | K19: =IF(I19>0,"Incompleto",IF(F19+H19>0,"CRÍTICO / NV",IF(E19>0,"Atenção (N3)",IF(D19>0,"Apontamento","OK"))))
A20: Anexo MOTO — Motocicletas | B20: =IF(Vistoria!$H$5="SIM",COUNTIF('Anexo MOTO'!$E$6:$E$15,"N0"),0) | C20: =IF(Vistoria!$H$5="SIM",COUNTIF('Anexo MOTO'!$E$6:$E$15,"N1"),0) | D20: =IF(Vistoria!$H$5="SIM",COUNTIF('Anexo MOTO'!$E$6:$E$15,"N2"),0) | E20: =IF(Vistoria!$H$5="SIM",COUNTIF('Anexo MOTO'!$E$6:$E$15,"N3"),0) | F20: =IF(Vistoria!$H$5="SIM",COUNTIF('Anexo MOTO'!$E$6:$E$15,"N4"),0) | G20: =IF(Vistoria!$H$5="SIM",COUNTIF('Anexo MOTO'!$E$6:$E$15,"N/A"),0) | H20: =IF(Vistoria!$H$5="SIM",COUNTIF('Anexo MOTO'!$E$6:$E$15,"NV"),0) | I20: =IF(Vistoria!$H$5="SIM",COUNTBLANK('Anexo MOTO'!$E$6:$E$15),0) | J20: =IF(Vistoria!$H$5="SIM",ROWS('Anexo MOTO'!$E$6:$E$15),0) | K20: =IF(Vistoria!$H$5<>"SIM","Não aplicável",IF(I20>0,"Incompleto",IF(F20>0,"CRÍTICO",IF(E20>0,"Atenção (N3)",IF(D20>0,"Apontamento","OK")))))
A21: Anexo UTL — Utilitários, picapes e veículos com chassi | B21: =IF(Vistoria!$H$6="SIM",COUNTIF('Anexo UTL'!$E$6:$E$12,"N0"),0) | C21: =IF(Vistoria!$H$6="SIM",COUNTIF('Anexo UTL'!$E$6:$E$12,"N1"),0) | D21: =IF(Vistoria!$H$6="SIM",COUNTIF('Anexo UTL'!$E$6:$E$12,"N2"),0) | E21: =IF(Vistoria!$H$6="SIM",COUNTIF('Anexo UTL'!$E$6:$E$12,"N3"),0) | F21: =IF(Vistoria!$H$6="SIM",COUNTIF('Anexo UTL'!$E$6:$E$12,"N4"),0) | G21: =IF(Vistoria!$H$6="SIM",COUNTIF('Anexo UTL'!$E$6:$E$12,"N/A"),0) | H21: =IF(Vistoria!$H$6="SIM",COUNTIF('Anexo UTL'!$E$6:$E$12,"NV"),0) | I21: =IF(Vistoria!$H$6="SIM",COUNTBLANK('Anexo UTL'!$E$6:$E$12),0) | J21: =IF(Vistoria!$H$6="SIM",ROWS('Anexo UTL'!$E$6:$E$12),0) | K21: =IF(Vistoria!$H$6<>"SIM","Não aplicável",IF(I21>0,"Incompleto",IF(F21>0,"CRÍTICO",IF(E21>0,"Atenção (N3)",IF(D21>0,"Apontamento","OK")))))
A22: TOTAL | B22: =SUM(B10:B21) | C22: =SUM(C10:C21) | D22: =SUM(D10:D21) | E22: =SUM(E10:E21) | F22: =SUM(F10:F21) | G22: =SUM(G10:G21) | H22: =SUM(H10:H21) | I22: =SUM(I10:I21) | J22: =SUM(J10:J21)
A24: Indicador | B24: Valor
A25: Itens em branco (a preencher) | B25: =I22
A26: NV em Identificação veicular (IDV) | B26: =COUNTIFS(Vistoria!$A$15:$A$109,"IDV",Vistoria!$E$15:$E$109,"NV")
A27: Achados N4 (Crítico) | B27: =F22
A28: Achados N3 (Apontamento relevante — ATENÇÃO) | B28: =E22
A29: Achados N2 (Apontamento) | B29: =D22
A30: Achados N1 (Observação) | B30: =C22
A31: Itens verificados (N0–N4) | B31: =SUM(B22:F22)
A33: Ordem da matriz: 1) itens em branco → INCOMPLETO; 2) NV em Identificação veicular → INCONCLUSIVO (o laudo não conclui e descreve o motivo); 3) algum N4 → REPROVADO; 4) algum N2/N3 → APROVADO COM APONTAMENTOS; 5) só N0/N1/N/A → APROVADO. A classificação refere-se ao exame técnico visual e não destrutivo no momento da vistoria; não garante o veículo.

Sheet Anexo MOTO
A1: PROTOCOLO CAUTELAR | ANEXO MOTO — MOTOCICLETAS
A2: Roteiro específico para motos: identificação, quadro e conjunto de transmissão. Só entra na contagem se 'MOTO aplicável?' = SIM na aba Vistoria.
A3: Aplicável? | B3: =Vistoria!$H$5
A5: Sistema | B5: Item | C5: Descrição do item | D5: O que verificar | E5: Nível | F5: Observação / constatação | G5: Foto nº | H5: Foto obrigatória?
A6: MOTO | B6: MOTO-01 | C6: Número do quadro (chassi) e do motor | D6: Local do fabricante, legibilidade, conferência com o documento. | H6: SIM
A7: MOTO | B7: MOTO-02 | C7: Quadro: soldas, trincas, alinhamento | D7: Solda fora de padrão, pintura do quadro, desalinhamento de rodas. | H7: SIM
A8: MOTO | B8: MOTO-03 | C8: Garfo e mesas | D8: Retentores vazando, tubos riscados/empenados, mesas desalinhadas. | H8: SIM
A9: MOTO | B9: MOTO-04 | C9: Balança e rolamentos da caixa de direção | D9: Folgas, marcação na caixa de direção. | H9: —
A10: MOTO | B10: MOTO-05 | C10: Kit de transmissão (corrente, coroa, pinhão) | D10: Dentes pontudos, corrente com folga irregular. | H10: SIM
A11: MOTO | B11: MOTO-06 | C11: Pneus e rodas (raios/liga) | D11: Sulco, DOT, raios soltos, aro empenado. | H11: SIM
A12: MOTO | B12: MOTO-07 | C12: Freios (disco/tambor) e fluido | D12: Espessura, fluido, flexíveis. | H12: SIM
A13: MOTO | B13: MOTO-08 | C13: Carenagens e sinais de queda | D13: Pedaleiras, manetes, ponteiras de guidão, riscos em carenagem e escapamento. | H13: SIM
A14: MOTO | B14: MOTO-09 | C14: Motor: partida, ruídos, fumaça e vazamentos | D14: Partida a frio, embreagem, fumaça. | H14: —
A15: MOTO | B15: MOTO-10 | C15: Elétrica e iluminação | D15: Faróis, setas, buzina, painel. | H15: —

Sheet Anexo UTL
A1: PROTOCOLO CAUTELAR | ANEXO UTL — UTILITÁRIOS, PICAPES E VEÍCULOS COM CHASSI
A2: Pontos adicionais para veículos com chassi longarina e uso de carga. Só entra na contagem se 'UTL aplicável?' = SIM na aba Vistoria.
A3: Aplicável? | B3: =Vistoria!$H$6
A5: Sistema | B5: Item | C5: Descrição do item | D5: O que verificar | E5: Nível | F5: Observação / constatação | G5: Foto nº | H5: Foto obrigatória?
A6: UTL | B6: UTL-01 | C6: Chassi: longarinas em toda a extensão | D6: Solda, reforço aplicado, emenda, trinca próxima a suportes. | H6: SIM
A7: UTL | B7: UTL-02 | C7: Travessas e suportes da carroceria | D7: Trincas, reforços, parafusos faltando. | H7: SIM
A8: UTL | B8: UTL-03 | C8: Caçamba/baú: fixação e deformações | D8: Alinhamento com a cabine, assoalho da caçamba. | H8: SIM
A9: UTL | B9: UTL-04 | C9: Engate e sinais de reboque pesado | D9: Engate registrado quando exigido, desgaste do conjunto. | H9: SIM
A10: UTL | B10: UTL-05 | C10: Feixes de mola e suspensão de carga | D10: Molas quebradas, calços, suspensão alterada. | H10: SIM
A11: UTL | B11: UTL-06 | C11: Tração 4x4 e reduzida | D11: Engate, ruídos, luzes; diferencial e cardã. | H11: —
A12: UTL | B12: UTL-07 | C12: Modificações (suspensão, rodas, carroceria) | D12: Alteração de característica exige regularização e registro no documento. | H12: SIM

Sheet Critério
A1: PROTOCOLO CAUTELAR | CRITÉRIO N0–N4 E MATRIZ DE CLASSIFICAÇÃO
A4: Nível | B4: Nome | C4: Definição | D4: Exemplos
A5: N0 | B5: Conforme | C5: Sem anormalidade observável. | D5: —
A6: N1 | B6: Observação | C6: Desgaste natural, estético leve ou manutenção de rotina. | D6: Riscos superficiais; pneu com ~50% de vida; pastilha a meia vida.
A7: N2 | B7: Apontamento | C7: Repintura, peça de revestimento substituída ou reparada, manutenção necessária em breve. | D7: Porta repintada; paralama substituído; vazamento leve.
A8: N3 | B8: Apontamento relevante | C8: Reparo que indica impacto significativo, reparo em área de absorção, item de segurança fora de condição ou falha funcional relevante. | D8: Painel frontal (quadro do radiador) substituído; ponteira de longarina reparada; pneu abaixo do TWI; luz de airbag acesa.
A9: N4 | B9: Crítico | C9: Dano ou reparo em estrutura de sustentação, indícios de enchente ou incêndio, divergência na identificação veicular. | D9: Reparo em corpo de longarina, torre, coluna, soleira, assoalho ou painel corta-fogo; lodo em áreas ocultas; numeração divergente.
A10: N/A | B10: Não se aplica | C10: O item não existe neste veículo (ex.: teto solar ausente). Conta como preenchido e não afeta a classificação.
A11: NV | B11: Não verificável | C11: Somente em Identificação veicular (IDV): o elemento não pôde ser localizado/conferido. Qualquer NV → INCONCLUSIVO. Registre o motivo e oriente conferência por perícia oficial/autoridade.
A13: Ordem | B13: Classificação | C13: Regra | D13: Observação
A14: 1 | B14: INCONCLUSIVO | C14: Algum item de identificação não pôde ser verificado. | D14: O laudo não conclui; descreve o que não pôde ser verificado e por quê.
A15: 2 | B15: REPROVADO | C15: Pelo menos um achado N4. | D15: Descrever o achado N4 com foto; divergência de identificação: registrar e orientar perícia.
A16: 3 | B16: APROVADO COM APONTAMENTOS | C16: Pelo menos um achado N2 ou N3 (N3 em destaque). | D16: N3 aparece em destaque "Atenção".
A17: 4 | B17: APROVADO | C17: Somente achados N0 ou N1. | D17: Vale para o exame visual naquele momento; não garante o veículo.
A19: Nesta planilha, antes da matriz, qualquer item em branco resulta em "INCOMPLETO – faltam X itens": preencha todos (use N/A quando o item não existir). Você pode publicar a sua própria matriz; mantenha a mesma no laudo, na planilha e no contrato.
